{"cameraMode":{"drawMode":0,"name":"Shaded","section":"Shading Mode"},"sceneLighting":true,"audioPlay":false,"sceneViewState":{"showFog":true,"showMaterialUpdate":false,"showSkybox":true,"showFlares":true,"showImageEffects":true,"showParticleSystems":true},"in2DMode":false,"pivot":{"x":7.836091995239258,"y":9.003156661987305,"z":-7.4111175537109379},"rotation":{"x":-0.24865078926086427,"y":0.2429385632276535,"z":-0.06457608938217163,"w":-0.9354149699211121},"size":1.1581149101257325,"orthographic":false}